﻿Designator,Footprint,Quantity,Value,LCSC Part #
"C1, C10, C11, C12, C13, C14, C15, C16, C23, C9",0805,10,0.1uF,
"C17, C18",0805,2,10pF,
"C19, C22",0805,2,10uF,
"C2, C3, C4, C5, C6, C7, C8",0402,7,0.1uF,
C20,CASE-A_3216,1,22uF,
C21,CASE-A_3216,1,4.7uF,
"D1, D2, D3, D6, D7",1206,5,red,
"D4, D5",D0603-BI,2,PGB1010603NR,
H1,MicroMod-Standoff,1,MICROMOD-Standoff,
"J1, J10, J4, J5, J6, J7, J8",PinHeader_1x03_P2.54mm_Vertical,7,Conn_01x03_Pin,
J2,PinSocket_1x02_P2.54mm_Vertical,1,Conn_01x02_Socket,
J3,PinHeader_2x12_P2.54mm_Vertical,1,Conn_02x12_Odd_Even,
J9,PinHeader_1x02_P2.54mm_Vertical,1,Conn_01x02_Pin,
"R1, R2",0805,2,82 ,
R10,0805,1,0,
"R11, R12",0805,2,5.1k,
R13,0805,1,10k ,
R14,0805,1,12K ,
R15,0805,1,150,
R16,0805,1,150 ,
R17,0805,1,220,
R18,0805,1,510,
R19,0805,1,330,
R20,0805,1,120,
"R21, R22, R4, R5, R6, R7, R8, R9",0805,8,10k,
"R23, R24, R27, R28",0805,4,R,
"R25, R26",0805,2,2k,
R3,0805,1,82,
SW1,SW_SMD_4P_L6.0_W6.0-P4.5-LS8.6,1,Tactile Switch,C5127964
"TP1, TP2, TP3, TP4",TestPoint_Pad_D2.0mm,4,TestPoint,
U1,SOIC127P790X216-8N,1,W25Q32FVSS,
"U10, U9",SOT65P210X110-5N,2,SN74LVC1G125DCKR,
U11,MSOP-10_L3.0-W3.0-P0.50-LS5.0-BL,1,SI5351A-B-GTR,C504891
U2,M.2-CONNECTOR-E,1,~,
U3,Caravel_WCSP_0_25_mm_bga,1,~,
U4,USB-C-SMD_G-SWITCH_GT-USB-7010ASV,1,GT-USB-7010ASV,C2988369
U5,QFN-48-1EP_8x8mm_P0.5mm_EP6.2x6.2mm,1,FT232H,
U6,SOT-223-3_L6.5-W3.4-P2.30-LS7.0-BR,1,AMS1117-3_3,C6186
U7,SOT-223-4_L6.5-W3.5-P2.30-LS7.0-BR,1,SPX1117M3-L-1-5_TR,C517962
U8,PoR_5_SOT23,1,MCP1319MT-29LE-OT,
X1,CRYSTAL-SMD_4P-L2.5-W2.0-BL,1,TXM12M0004252DBCEO00T,C284154
X2,CRYSTAL-SMD_4P-L3.2-W2.5-BL,1,NX3225GA-25_000M-STD-CRG-2,C1985619
